,H-bond,Hydrophobic,Ionic
MOUSE_APO,0.0,0.0,0.0
MOUSE_BALO,1.1659890327071583e-06,0.42708370985062516,0.07291512416034215
MOUSE_UMF,0.0001008463247677453,0.44820084554040746,0.051698308134824816
