,H-bond,Hydrophobic,Ionic
HUMAN_APO,0.0,0.0,0.0
HUMAN_BALO,6.546434190583343e-05,0.43773730823940865,0.06219722741868552
HUMAN_UMF,3.4168453731032444e-05,0.4567611776943995,0.043204653851869446
