,H-bond,Hydrophobic,Ionic
RAT_APO,0.0,0.0,0.0
RAT_BALO,7.915091123805744e-06,0.4466591455711899,0.053332939337686285
RAT_UMF,8.202714609632268e-05,0.4381238273105852,0.06179414554331848
