Run,family,state,is_apo,ligand_display,protein_rmsd_mean_A,protein_rmsd_last_half_mean_A,protein_rmsd_final_A,protein_rmsd_slope_A_per_ns,protein_rmsf_mean_A,protein_rmsf_std_A,rg_mean_A,rg_last_half_mean_A,rg_final_A,rg_slope_A_per_ns,ligand_rmsd_mean_A,ligand_rmsd_last_half_mean_A,ligand_rmsd_final_A,ligand_rmsd_slope_A_per_ns,ligand_rmsf_mean_A,unique_contact_residues,interaction_rows,used_framewise,framewise_file_size_mb,has_protein_rmsd,has_protein_rmsf,has_rg,has_ligand_rmsd,has_residue_contacts,has_interaction_types,has_ligand_visual,protein_rmsd_std_A,rg_std_A,ligand_rmsd_std_A,bound_complex_rmsd_mean_A,has_ligand_rmsf,interaction_frame_count,interaction_load_first_half,interaction_load_last_half,interaction_load_ratio_last_over_first
RAT_APO,RAT,APO,True,APO,3.493391409099818,3.915569739110436,3.6535172,0.003580574390408447,1.5702126981454545,1.2260881446093854,20.6734816207224,20.674846526411446,20.665637772128797,0.00021306471889067033,,,,,,0,,False,,True,True,True,False,False,False,False,0.5942259092763943,0.13353585561222672,,,False,,,,
RAT_BALO,RAT,BALO,False,Balovaptan,3.0977106962500747,3.4946192945922165,3.7526622,0.0031757201492629275,1.54874244,1.1153091515677467,20.690317704953564,20.73123298725091,20.600507164611184,0.0003797592492933733,1.664347768748335,1.7419745643374267,1.6889617,0.0006599067752522196,,34,,False,73.59519100189209,True,True,True,True,True,True,True,0.5332802026059522,0.14339153733527846,0.15381515953001892,,False,,,,
RAT_UMF,RAT,UMF,False,UMF-504,3.778886769260615,4.058137884264629,3.9296234,0.0026510217408158014,1.735317512690909,1.2711418889613477,20.66767383262027,20.604016356075274,20.56547583252442,-0.00035744481802505037,2.0947124998298032,2.2521699392144314,2.4628477,0.001360592893113205,,32,,False,65.04816055297852,True,True,True,True,True,True,True,0.6536921970799461,0.12621141055491988,0.3684169026951387,,False,,,,
